word,type
Abacus,object
Mummy,humanoid
Voodoo doll,humanoid
Abraham Lincoln,human
Alien,humanoid
Accordion,object
Acid,object
Acid Rain,other
Acorn,object
Acoustic Guitar,object
Acrobat,human
Action Figure,humanoid
Actor,human
Actress,human
Adam's Apple,object
Adder,animal
Address Book,object
Admiral,human
Afro,other
Agent Diana Prince,human
Air Compressor,object
Air Conditioning,object
Air Filter,object
Air Horn,object
Air Mattress,object
Air Tank,object
Air Vent,object
Airbag,object
Aircraft Carrier,object
Airlock,object
Airplane,object
Airport,object
Aisle,object
Akita,animal
Alarm Clock,object
Albatross,animal
Alexander the Great,human
Alligator,animal
Almond,object
Alphabet,object
Altar Boy,human
Amazon (Person),human
Ambassador,human
Amber,object
Ambulance,object
American Cheese,object
Ammonia,object
Amoeba,other
Amp,object
Ampersand,other
Amphitheater,object
Amulet,object
Amusement Park,object
Anaconda,animal
Anarchist,human
Anchor (Boat),object
Anchorman,human
Android,humanoid
Anesthesiologist,human
Angel,humanoid
Angel Food Cake,object
Angel Wings,object
Angelfish,animal
Angler,human
Anglerfish,animal
Angry Eyes,other
Animal,other
Animal Food,object
Animal Shelter,object
Ankle,object
Ankylosaurus,animal
Ann,human
Answering Machine,object
Ant,animal
Ant Farm,object
Ant Hill,object
Anteater,animal
Antelope,animal
Antenna (Metal),object
Antidote,object
Antifreeze,object
Antique Shop,object
Antler,object
Antlers,object
Anvil,object
Apartment,object
Apparatus,object
Apple,object
Apple Core,object
Apple Pie,object
Apple Sauce,object
Apple Tree,object
Apricot Tree,object
Apron,object
Aquaman,human
Aquarium (Building),object
Aquarius (Stars),other
Aqueduct,object
Arcade Machine,object
Arch,object
Archaeologist,human
Archer,human
Architect,human
Arctic Fox,animal
Aries (Stars),other
Ark of the Covenant,object
Arm,object
Armadillo,animal
Armchair,object
Armor,object
Armory,object
Arms,object
Army Men,object
Army Uniform,object
Arrow,object
Arrowhead,object
Arsonist,human
Art,other
Art Museum,object
Art Supply Store,object
Artichoke,object
Artifact,object
Artist,human
Ash,object
Asparagus,object
Aspen Tree,object
Asphalt,object
Assassin,human
Assault Rifle,object
Asterisk,object
Asteroid,object
Asteroid Belt,object
Astronaut,human
Astronomer,human
Asylum,object
At Sign,object
Atheist,human
Athlete,human
ATM,object
Atom,object
Attic,object
ATV,object
Auction House,object
Aurora Borealis,other
Automatic Door,object
Avocado,object
Avocado Tree,object
Awning,object
Axe,object
Baboon,animal
Baby,human
Baby Bottle,object
Baby Monitor,object
Baby Powder,object
Babysitter,human
Back Scratcher,object
Backgammon,other
Backhoe,object
Backpack,object
Helicopter,object
Bacon,object
Badge,object
Badger,animal
Badger Cub,animal
Bag,object
Bagel,object
Bagpipes,object
Baguette,object
Bait,object
Baked Beans,object
Baker,human
Bakery,object
Baking Powder,object
Baking Sheet,object
Balcony,object
Ball Bearing,object
Ball Gown,object
Ball Pit,object
Ballet Shoes,object
Balloon (Fun),object
Ballroom,object
Balls,object
Bamboo,object
Banana,object
Banana Bread,object
Banana Chips,object
Banana Peel,object
Banana Suit,object
Banana Tree,object
Band Saw,object
Bandage,object
Bandana,object
Bandit Mask,object
Banjo,object
Bank,object
Banker,human
Banner,object
Bar Stool,object
Barbarian,human
Barbed Wire,object
Barber,human
Barber's Pole,object
Barcode,object
Barista,human
Bark,object
Barn,object
Barracks,object
Barracuda,animal
Barrel,object
Barrette,object
Barrier,object
Baseball,object
Baseball Base,object
Baseball Glove,object
Baseball player,human
Baseboard,object
Basement,object
Basket,object
Basketball,object
Basketball Court,object
Basketball Goal,object
Basketball Jersey,object
Basketball Player,human
Bass (Fish),animal
Basset Hound,animal
Bat (Animal),animal
Bat (Sports),object
Bat-signal,object
Bath Mat,object
Bathroom,object
Bathtub,object
Batman,human
Batman Costume,object
Batmobile (Regular),object
Baton (Performance),object
Batter (Food),object
Battering Ram,object
Battery,object
Battle Axe,object
Battleship,object
Bay,other
Bayonet,object
BB Gun,object
BBQ Sauce,object
BBQ Wing,object
Beach Ball,object
Beach Umbrella,object
Beacon,object
Beagle,animal
Beak,object
Beaker,object
Bean,object
Bean Bag (Chair),object
Beanie,object
Bear,animal
Bear Rug,object
Bear Suit,object
Bear Trap,object
Beard,object
Beautician,human
Beauty,other
Beaver,animal
Beaver Dam,object
Beaver Pup,animal
Bed,object
Bed Bug,animal
Bedroom,object
Bedspread,object
Bee,animal
Beef,object
Beehive,object
Beet,object
Beethoven,human
Beetle,animal
Beggar,human
Behemoth,other
Bell (Handbell),object
Bell Tower,object
Bellhop,human
Belt,object
Beluga Whale,animal
Bench,object
Bench Press,other
Benjamin Franklin,human
Beret,object
Berry,object
Bib,object
Bicycle,object
Bicycle Horn,object
Big Dipper,other
Big Toe,object
Bigfoot,humanoid
Bike Helmet,object
Bike Rack,object
Biker,human
Bikini,object
Bill (Paper),object
Billboard,object
Binder,object
Binoculars,object
Biohazard Sign,object
Biologist,human
Biplane,object
Birch Tree,object
Bird,animal
Bird Cage,object
Birdbath,object
Birdhouse,object
Birdwatcher,human
Birthday Cake,object
Birthday Candle,object
Birthday Suit,other
Biscuit,object
Black and White Photo,object
Black Bear,animal
Black Belt,object
Black Hole,other
Black Knight,humanoid
Black Mamba,animal
Black Widow,animal
Blackbird,animal
Blacksmith,human
Bladder,object
Blank,other
Blanket,object
Bleach,object
Bleachers,object
Blender,object
Blimp,object
Blindfold,object
Bling,object
Blizzard,other
Block,object
Blood Bank,object
Blood Pressure Cuff,object
Bloodhound,animal
Blouse,object
Blowdryer,object
Blowfish,animal
BLT,object
Blue Cheese,object
Blue Jay,animal
Blue Screen of Death,other
Blue Suit,object
Blue whale,animal
Blueprints,object
Blush,object
Boa,animal
Boar,animal
Board Game,object
Boat,object
Boat House,object
Bobblehead,object
Bobby Pin,object
Bobcat,animal
Body Bag,object
Body Shop,object
Body Wash,object
Bodybuilder,human
Bogeyman,humanoid
Boiler,object
Bok Choi,object
Bolt (Metal),object
Bomb,object
Bomb Disposal Expert,human
Bomb Shelter,object
Bomber (Plane),object
Bone,object
Bongo (Music),object
Bonnet,object
Bonsai,object
Boo,other
Book,object
Book Holder,object
Book Store,object
Bookcase,object
Bookie,human
Boomerang,object
Booster Seat,object
Boot,object
Boot Camp,other
Border Collie,animal
Boss,human
Boston Cream Pie,object
Boston Terrier,animal
Botanist,human
Bottle,object
Bottle Opener,object
Bottled Water,object
Boulder,object
Bouncer,human
Bouncy Ball,object
Bouncy House,object
Bounty Hunter,human
Bouquet,object
Boutique,other
Bow (Gift),object
Bow (Music),object
Bow (Weapon),object
Bow Tie,object
Bowl,object
Bowler (Person),human
Bowling Alley,object
Bowling Ball,object
Bowling Lane,object
Bowling Pin,object
Bowser,humanoid
Box of Chocolates,object
Boxer (Person),human
Boxers,object
Boxing Glove,object
Boxing Ring,object
Boy,human
Boyfriend,human
Bra,object
Bracelet,object
Braces,object
Braid,other
Brain,object
Brass Knuckles,object
Bread,object
Bread Knife,object
Bread Maker,object
Brick,object
Bride,human
Bridesmaid,human
Bridge (Structure),object
Brie,object
Briefs,object
Broccoli,object
Brontosaurus,animal
Brooch,object
Broom,object
Brownie (Food),object
Brownie Batter,object
Bruce Wayne,human
Brush (Cleaning),object
Brushes,object
Brussels Sprout,object
Bubble,object
Bubble Tea,object
Bubble Wand,object
Bubbles,object
Bucket,object
Bucket Hat,object
Buckle,object
Buffalo,animal
Buffalo Calf,animal
Bug (Spy),object
Bug Spray,object
Bug Zapper,object
Bulb,object
Bull,animal
Bull Terrier,animal
Bulldog,animal
Bulldozer,object
Bullet,object
Bullet Proof Vest,object
Bullet Train,object
Bulletin Board,object
Bullfighter,human
Bullseye,other
Bully,human
Bumper Car,object
Bungalow,object
Bungee Cord,object
Bunk Bed,object
Bunker,object
Bunny,animal
Bunny Ears,object
Buoy,object
Bureaucrat,human
Burrito,object
Bus,object
Bus Station,object
Business Card,object
Business Park,object
Businessman,human
Businesswoman,human
Bust,object
Butcher,human
Butcher Shop,object
Butler,human
Butter,object
Butter Dish,object
Buttercup,object
Butterfly,animal
Butterfly Net,object
Butterfly Wings,object
Buttermilk,object
Butterscotch Pudding,object
Button (Clothes),object
Button (Mechanical),object
Buzz,other
Cab,object
Cab Driver,human
Cable Car,object
Cable Guy,human
Caboose,object
Cactus,object
Cafeteria,object
Cafeteria Worker,human
Cage (Container),object
Cake,object
Cake Mix,object
Cake Stand,object
Calamari,object
Calculator (Electronics),object
Calendar,object
Calf,animal
Calico,animal
Calzone,object
Camcorder,object
Camel,animal
Camera,object
Camera Man,human
Camouflage,other
Camp Counselor,human
Camp Ground,object
Campfire,object
Can,object
Can Of Worms,object
Can Opener,object
Canadian Bacon,object
Canary,animal
Cancer (Stars),other
Candle,object
Candleholder,object
Candlestick,object
Candy,object
Candy Apple,object
Candy Bar,object
Candy Cane,object
Candy Corn,object
Candy Store,object
Cane,object
Cannibal,human
Cannon,object
Cannonball,object
Canoe,object
Canopy,object
Canopy Bed,object
Canteen (Container),object
Canvas,object
Canyon,object
Cap and Gown,object
Cap Gun,object
Capricorn (Stars),other
Capsule (Shape),object
Captain,human
Car,object
Car Battery,object
Car Dealership,object
Car Jack,object
Car Seat,object
Car Wash,object
Cardboard,object
Cardinal (Bird),animal
Cardiologist,human
Cards,object
Cargo Plane,object
Cargo Ship,object
Carousel,object
Carpenter,human
Carriage,object
Carrot,object
Carrot Juice,object
Cart (Vehicle),object
Carton,object
Cartridge (Electronics),object
Case,object
Cash Register,object
Cashew,object
Casino,object
Casserole,object
Cassette,object
Cast,object
Cat,animal
Cat Burglar,human
Cat Ears,object
Cat Food,object
Cat Scan Machine,object
Cat Tail (Tail),object
Catamaran,object
Catapult,object
Caterpillar,animal
Catfish,animal
Cathedral,object
Catnip,object
Cattle Crossing Sign,object
Catwoman,human
Cauldron,object
Cauliflower,object
Caution Sign,object
Caution Tape,object
Cave,object
Caviar,object
CD Case,object
Ceiling Fan,object
Celery,object
Cellar,object
Cellist,human
Cello,object
Cellophane,object
Centaur,humanoid
Centipede,animal
Ceramic,object
Cerberus,humanoid
Cereal,object
Cereal Box,object
Chain (Tool),object
Chain Link Fence,object
Chainmail,object
Chainsaw,object
Chair,object
Chaise Lounge,object
Chalk (Material),object
Chalk (Writing),object
Chalkboard,object
Chameleon,animal
Champion,human
Chandelier,object
Changing Table,object
Charcoal,object
Charger (Electronics),object
Chariot,object
Charles Darwin,human
Charm,object
Chase,object
Checkbook,object
Checkerboard,object
Checkers,object
Checkmate,other
Cheddar,object
Cheekbone,object
Cheerleader,human
Cheerleader Outfit,object
Cheese,object
Cheeseburger,object
Cheesecake,object
Cheetah,animal
Cheetah Cub,animal
Chef,human
Chef Hat,object
Chemist,human
Cherry,object
Cherry Bomb,object
Cherry Picker,object
Cherry Pie,object
Cherry Soda,object
Cherry Tomato,object
Cherry Tree,object
Chess Piece,object
Chest,object
Chick (Bird),animal
Chicken (Bird),animal
Chicken Breast,object
Chicken Coop,object
Chicken Feed,object
Chicken Finger,object
Chicken Leg,object
Chicken Nugget,object
Chief,human
Chihuahua,animal
Chili,object
Chilly,other
Chime,object
Chimney,object
Chimney Sweeper,human
Chimpanzee,animal
Chinese Dragon,humanoid
Chip,object
Chipotle,other
Chisel,object
Chocolate,object
Chocolate cake,object
Chocolate Chip,object
Choir Boy,human
Choker,object
Chop Sticks,object
Chow Chow,animal
Christmas Lights,object
Christmas Stocking,object
Christmas Sweater,object
Chrysanthemum,object
Church,object
Church Bell,object
Churros,object
Cicada,animal
Cider,object
Cinder,object
Cinnamon,object
Cinnamon Bun,object
Circle,object
Circuit,object
Circuit Breaker,object
Circular Saw,object
Circus,other
City,other
Clam,animal
Clam Chowder,object
Clarinet,object
Clark,human
Classroom,object
Claw,object
Claw Machine,object
Claws,object
Clay,object
Cleopatra,human
Cleric,human
Clerk,human
Cliff,other
Climbing Wall,object
Clip,object
Cloak,object
Clock,object
Clock Face,object
Clock Hand,object
Clock Tower,object
Clog,object
Clone,humanoid
Closet Door,object
Clothespin,object
Cloud,object
Clover,object
Clown,humanoid
Clown Car,object
Clown Nose,object
Clown Suit,object
Clownfish,animal
Club (Weapon),object
Coal,object
Coal Mine,object
Coaster (Drink),object
Coat,object
Coat Hanger,object
Cobblestone,object
Cobra,animal
Cobweb,object
Cockatiel,animal
Cockatoo,animal
Cocker Spaniel,animal
Cockroach,animal
Cocktail Dress,object
Cocoa,object
Coconut,object
Coconut Milk,object
Coconut Tree,object
Cocoon,object
Coffee,object
Coffee Bean,object
Coffee Filter,object
Coffee Grinder,object
Coffee Pot,object
Coffee Shop,object
Coffee Table,object
Coffeemaker,object
Coffin,object
Coin (Money),object
Coin Machine,object
Coin Purse,object
Cold Cuts,object
Cold Pack,object
Coleslaw,object
Collard Greens,object
College,object
Collie,animal
Colonel,human
Colored Pencil,object
Coloring Book,object
Colosseum,object
Columbus,human
Comb,object
Combat Boots,object
Combover,other
Comedian,human
Comedy Club,object
Comedy Mask,object
Comic Book,object
Comic Book Store,object
Communist (Person),human
Compass,object
Compost,object
Computer,object
Computer mouse,object
Con Artist,human
Concession Stand,object
Concrete,object
Concrete Mixer,object
Conditioner,object
Condominium,object
Cone,object
Confetti,object
Conga,object
Congressman,human
Conjoined Twins,human
Conservative,human
Console,object
Constellation,other
Construction Barrel,object
Construction Site,object
Construction Worker,human
Contact Lens,object
Contract,object
Convention Center,object
Conveyor Belt,object
Cookbook,object
Cookie,object
Cookie Cutter,object
Cookie Dough,object
Cookie Jar,object
Cooler,object
Copper,object
Copy Machine,object
Coral,object
Cordless Phone,object
Corgi,animal
Cork (Material),object
Cork (Stopper),object
Corkboard,object
Corkscrew,object
Corn,object
Corn Dog,object
Corn Stalk,object
Corn Syrup,object
Corned Beef,object
Cornmeal,object
Cornucopia,object
Corporal,human
Corpse,object
Corral,object
Corset,object
Cot,object
Cottage Cheese,object
Cotton,object
Cotton Ball,object
Cotton Candy,object
Cotton Swab,object
Cough Drop,object
Coupon,object
Courthouse,object
Couscous,object
Cow,animal
Cowbell,object
Cowboy,human
Cowboy Boot,object
Cowboy Hat,object
Cowgirl,human
Crab,animal
Crab Cake,object
Cracker,object
Cradle,object
Cranberry,object
Cranberry Sauce,object
Crane (Bird),animal
Crane (Vehicle),object
Crash Test Dummy,humanoid
Crate,object
Crater,object
Crawlspace,object
Crayfish,animal
Crayon,object
Cream,object
Cream Cheese,object
Cream Puff,object
Credit Card,object
Creek,object
Cricket,animal
Cricket Bat,object
Crock Pot,object
Crocodile,animal
Croissant,object
Cross,object
Cross Road Sign,object
Crossbow,object
Crossing Guard,human
Crossword Puzzle,object
Croutons,object
Crow,animal
Crowbar,object
Crowd,other
Crown,object
Cruise Ship,object
Crusader,human
Crutch,object
Crystal,object
Crystal Ball,object
Cub,animal
Cube,object
Cuckoo Clock,object
Cucumber,object
Culinary School,other
Cup,object
Cup Holder,object
Cupcake,object
Cupid,human
Cyanide,object
Cyclist,human
Cyclops,humanoid
Cylinder,object
Cymbals,object
Cypress Tree,object
Dachshund,animal
Dagger,object
Daisy,other
Dale,human
Dalmatian,animal
Dam,object
Dance Floor,object
Dancer,human
Dandelion,object
Dandruff,object
Danger Sign,object
Daredevil,human
Dark Knight,human
Dart,object
Dartboard,object
Date Palm,object
Daycare,object
Deadbolt,object
Death,other
Debris,object
Decanter,object
Declaration Of Independence,object
Deep Fryer,object
Deep Sea Diver,human
Deer,animal
Deer Caution Sign,object
Defendant,human
Defibrillator,object
Deli,object
Delivery Man,human
Delta,other
Denim,object
Denim Jacket,object
Denim Skirt,object
Dental Chair,object
Dental Drill,object
Dentist,human
Dentist Office,object
Dentures,object
Deodorant,object
Department Store,object
Dessert,other
Desk,object
Detective,human
Dial,object
Diamond,object
Diamond Mine,object
Diamond Ring,object
Diaper,object
Dice,object
Dictator,human
Digital Clock,object
Dingo,animal
Dining Room,object
Dinner Booth,object
Dinosaur,animal
Dinosaur Bones,object
Dinosaur Costume,object
Dinosaur egg,object
Dip,object
Diploma,object
Dipstick,object
Director,human
Dirt,object
Dirt Bike,object
Disco Ball,object
Discus,object
Disguise,object
Dishwasher,object
Disinfectant,object
Display Case,object
Dividers,object
Diving Board,object
DJ,human
DMV,other
DNA,other
Do Not Enter Sign,object
Dock,object
Doctor,human
Doctor Jekyll,human
Dodo,animal
Dog,animal
Dog Bowl,object
Dog Catcher,human
Dog Collar,object
Dog Ears,object
Dog Food,object
Dog Run,object
Dog Tag,object
Dog Tail,object
Dog Trainer,human
Dog Whistle,object
Doggie Door,object
Doggy Bag,object
Doll,object
Dollar Sign,object
Dollhouse,object
Dolly,humanoid
Dolphin,animal
Dolphin Calf,animal
Dome,object
Domino,object
Don Quixote,human
Donkey,animal
Donkey Foal,animal
Door,object
Door Jam,object
Door Knob,object
Doorbell,object
Doormat,object
Doorstep,object
Doorstop,object
Doorway,object
Dormitory,object
Double Dare,other
Doubledecker Bus,object
Dough,object
Doughnut,object
Dove,animal
Dragon,other
Dragon Kite,object
Dragonfly,animal
Dragonfruit,object
Drain,object
Drawbridge,object
Dreadlocks,other
Dreamcatcher,object
Dress,object
Dress Pants,object
Dresser,object
Dressmaker,human
Drill,object
Drill Bit,object
Drill Sergeant,human
Driving Instructor,human
Drone,object
Drum Kit,object
Drummer,human
Drumstick (Music),object
Dry Erase Marker,object
Dry Ice,object
Dryer,object
Dryer Sheet,object
Drywall,object
Duck,animal
Duck Bill (Part),object
Duckling,animal
Duffel Bag,object
Dumbbell,object
Dummy (Doll),humanoid
Dump Truck,object
Dumpling,object
Dumpster,object
Dunce,human
Dune Buggy,object
Dungeon,object
Duplex,object
Dust,object
Dust Collector,object
Dustpan,object
DVD,object
DVD Player,object
DVD Rack,object
Dwarf,human
Dye,object
DynamiteE-Reader,object
Eagle,animal
Ear,object
Ear Plugs,object
Ear Ring,object
Earmuffs,object
Ears,other
Earth (planet),object
Earthquake,other
Earwax,object
Easter Bunny,humanoid
Easter Egg,object
Ebook Reader,object
Edgar,human
Edwin,human
Eel,animal
Egg,object
Egg Carton,object
Eggnog,object
Eight,other
Eighth Note,object
Einstein,human
Elbow,object
Elbow Pads,object
Electric Blanket,object
Electric Chair,object
Electric Current,other
Electric Guitar,object
Electric Mixer,object
Electric Razor,object
Electrical Outlet,object
Electricity Pylon,object
Electrodes,object
Electronics Store,object
Elephant,animal
Elephant Calf,animal
Elephant Trunk,object
Elevator,object
Elf (holiday),humanoid
Elliptical Machine,object
Embassy,object
Emerald,object
Emergency Exit,object
Emergency Room,object
Emo,other
Emperor Penguin,animal
Employment Office,object
Empress,human
Emu,animal
Enemy,other
Energy Bar,object
Energy Drink,object
Engineer,human
English Muffin,object
Entertainment Center,object
Envelope,object
Equal Sign,object
Eraser,object
Escalator,object
Eucalyptus Tree,object
Evidence,other
Excalibur,object
Exclamation point (punctuation),object
Exercise Ball,object
Exercise Cycle,object
Exit Sign,object
Extension Cord,object
Exterminator,human
Eye,other
Eye Chart,object
Eye Drops,object
Eye Liner,object
Eye Patch,object
Eye Shadow,object
Eyebrow,other
Eyebrow Pencil,object
Eyebrows,other
Eyedropper,object
Eyeglasses,object
Factory,object
Fairy,humanoid
Fairy Godmother,humanoid
Falcon,animal
Family,other
Famine,other
Fan (Tool),object
Fang,object
Fangs,object
Fanny Pack,object
Farmer,human
Father,human
Father Time,humanoid
Faucet,object
Fawn,animal
Fax Machine,object
Feather,object
Feather Duster,object
Fedora,object
Feet,object
Fence,object
Fencer,human
Fern,other
Ferris Wheel,object
Fertilizer,object
Feta,object
Fidget Spinner,object
Field Goalpost,object
Fig,object
Fig Tree,object
Fighter Jet,object
Fighter Pilot,human
Fighter Plane,object
Figure Skater,human
Figurine,object
File (Tool),object
Filing Cabinet,object
Film (Material),object
Film Reel,object
Fin (Organic),object
Finger,object
Fingerless Glove,object
Fingerprint,object
Finish Line,object
Fire,other
Fire Alarm,object
Fire Ant,animal
Fire Engine,object
Fire Escape,object
Fire Extinguisher,object
Fire Hose,object
Fire Hydrant,object
Fire Log,object
Fire Station,object
Fireball,other
Firecracker,object
Firefly,animal
Fireman,human
Fireman Uniform,object
Fireplace,object
Fireworks,object
First Aid Kit,object
First Lady,human
Fish (Animal),animal
Fish Bait,object
Fish Food,object
Fish Market,object
Fish Stick,object
Fish Tail,object
Fish Tank,object
Fisherman,human
Fishing Hook,object
Fishing Line,object
Fishing Pole,object
Fishing Reel,object
Fitness Tracker,object
Five,other
Fixed Ladder,object
Fjord,other
Flag,object
Flagpole,object
Flamenco Dancer,human
Flamethrower,object
Flamingo,animal
Flare,object
Flare Gun,object
Flash,human
Flash Bomb,object
Flashcard,object
Flashlight,object
Flat (Music),other
Flea,animal
Flier (Paper),object
Flight Attendant,human
Flight School,other
Floodlight,object
Floor,object
Floor Lamp,object
Floor Tile,object
Floppy Disk,object
Florist,human
Floss,object
Flour,object
Flower,object
Flower Box,object
Flower Girl,human
Flower Shop,object
Flowerbed,object
Flowerpot,object
Flurry,other
Flute,object
Fly,animal
Fly Swatter,object
Flying Car,object
Flying Fish,animal
Flying Squirrel,animal
Foal,animal
Foam,object
Foam Block,object
Foam Dart,object
Foam Dart Gun,object
Foam Finger,object
Fog Horn,object
Folder,object
Folding Chair,object
Folding Fan,object
Folding Screen,object
Folding Table,object
Food,object
Food Service Worker,human
Food Truck,object
Foosball,object
Foot,object
Football,object
Football Helmet,object
Football Player,human
Forest,other
Forest Ranger,human
Fork,object
Forklift,object
Fort,object
Fortune,other
Fortune Cookie,object
Fortune Teller,human
Foundation (Makeup),object
Foundation (Stone),object
Fountain,object
Fountain of Youth,other
Four,other
Fox,animal
Fox Cub,animal
Frame,object
Fraternity,other
Fraternity Brother,human
Freckle,object
Freezer,object
French Braid,object
French Bulldog,animal
French Doors,object
French Horn,object
French Toast,object
Fried Chicken,object
Fried Rice,object
Fries,object
Frog,animal
Frog Legs,object
Fruitcake,object
Fudge,object
Full Moon,other
Fun House,object
Funeral,other
Funeral Home,object
Fungus,object
Funnel,object
Funnel Cake,object
Fur,object
Fur Coat,object
Furnace (Appliance),object
Furniture Store,object
Fuse,object
Fuse Box,object
Gadget,object
Galileo,human
Gallows,object
Gambler,human
Game Developer,human
Game Guide,object
Game Show Host,human
Gamepad,object
Gamer,human
Gangster,human
Garage (Room),object
Garage Door,object
Garage Sale,other
Garbage Bag,object
Garbage Can,object
Garbage Dump,object
Garbage Man,human
Garbage Woman,human
Garden Gnome,humanoid
Gardener,human
Gargoyle,humanoid
Garlic,object
Garlic Bread,object
Garlic Fries,object
Gas Mask,object
Gas Pump,object
Gas Station,object
Gas Tank,object
Gasoline,object
Gateway,object
Gauge,object
Gauntlet,object
Gauze,object
Gazebo,object
Gear,object
Gecko,animal
Geek,human
Geiger Counter,object
Geisha,human
Gel,object
Gelatin,object
Gem,object
Gemini (Stars),other
General,human
Generator,object
Genghis Khan,human
Genie,humanoid
Genius,other
Geologist,human
George Washington,human
Germ,other
German Shepherd,animal
Ghost,other
Ghoul (Monster),humanoid
Giant,humanoid
Gift,object
Gift Certificate,object
Gift Shop,object
Gill,object
Ginger Ale,object
Gingerbread,object
Gingerbread House,object
Giraffe,animal
Giraffe Calf,animal
Girdle,object
Girl,human
Girlfriend,human
Glacier,object
Gland,object
Glass Slipper,object
Glaze,object
Globe,object
Glove,object
Gloves,object
Glow Stick,object
Glue,object
Glue Gun,object
Glum,other
Glutton (Person),human
Gnome,humanoid
Goal,other
Goalie,human
Goalpost,object
Goat,animal
Goatee,other
Goblet,object
Goblin,humanoid
God,humanoid
Goddess,humanoid
Goggles,object
Gold,object
Gold Mine,object
Golden Egg,object
Golden Retriever,animal
Goldfish,animal
Golf Bag,object
Golf Ball,object
Golf Cart,object
Golf Club,object
Golf Course,object
Golf Glove,object
Golfer,human
Gong,object
Goose,animal
Gopher,animal
Gorge,object
Gorilla,animal
Goth,human
Governor,human
GPS,object
Graduate,human
Graffiti,object
Grail,object
Grandfather,human
Grandfather Clock,object
Grandmother,human
Granite,object
Grape,object
Grape Juice,object
Grape Soda,object
Grapefruit Tree,object
Grapes,object
Grapevine,object
Graph Paper,object
Grass,object
Grasshopper,animal
Grassland,object
Grate,object
Grater,object
Grave,object
Gravedigger,human
Gravel,object
Graveyard,object
Gravy,object
Gravy Boat,object
Gray whale,animal
Great Dane,animal
Great White Shark,animal
Greater Than Sign,object
Greek Temple,object
Green Button,object
Green Switch,object
Greenhouse,object
Grenade,object
Grenade Launcher,object
Greyhound,animal
Griddle,object
Griffin,other
Grill,object
Grilled Cheese,object
Grinder (Tool),object
Grindstone,object
Groom,human
Groomsman,human
Ground Beef,object
Ground Meat,object
Groupie,human
Guacamole,object
Guerilla,human
Guidance Counselor,human
Guide Dog,animal
Guillotine,object
Guinea Pig,animal
Guitar Case,object
Guitar Strap,object
Guitarist,human
Gum,object
Gumball,object
Gumball Machine,object
Gumdrop,object
Gummi Bear,object
Gun,object
Gun Range,object
Gunpowder,object
Guppy,animal
Gutters,object
Guy,human
Guy Fawkes Mask,object
Gym,object
Gyro,object
Gyroscope,object
Hacksaw,object
Hades,human
Hail,object
Hail Storm,other
Hair,object
Hair Brush,object
Hair Clip,object
Hair Curlers,object
Hair Spray,object
Hairball,object
Hairdresser,human
Hairdye,object
Hairnet,object
Hairpin,object
Halloween Costume,object
Hallpass,object
Hallway,object
Halo,object
Ham,object
Hamburger,object
Hammer,object
Hammerhead (Shark),animal
Hammock,object
Hamper,object
Hamster,animal
Hand,object
Hand Crank,object
Hand Mirror,object
Handcuffs,object
Handheld,object
Handicapped Sign,object
Handkerchief,object
Handle,object
Hands,object
Hang,other
Hang Glider,object
Hangman,other
Hard Drive,object
Hard Hat,object
Hardware Store,object
Hare,animal
Harlequin,humanoid
Harley Quinn,human
Harmonica,object
Harness,object
Harp,object
Harpoon,object
Hash Brown,object
Hat,object
Hat Stand,object
Hawaiian Shirt,object
Hawk,animal
Hay,object
Hay Bale,object
Haystack,object
Hazel Tree,object
Hazmat Suit,object
Hazmat Worker,human
Head,object
Head Coach,human
Head Scarf,object
Headband,object
Headboard,object
Headless Horseman,humanoid
Headlight,object
Headphones,object
Hearing Aid,object
Hearse,object
Heart (Organ),object
Heart (Shape),object
Heat Detector,object
Heater,object
Heaven,other
Hector,human
Hedge,object
Hedge Trimmer,object
Hedgehog,animal
Heels,object
Heirloom,object
Hell,other
Helmet,object
Hemisphere,object
Herbs,object
Hercules,human
Hero (Person),human
Heroine,human
Heron,animal
Hexagon,object
High Chair,object
Highlighter,object
Highway,object
Hill,object
Hillbilly,human
Hinge,object
Hippie,human
Hippopotamus,animal
Hipster,human
Historian,human
History Museum,object
Hitch,object
Hobo,human
Hockey Goal,object
Hockey Player,human
Hockey Puck,object
Hockey Stick,object
Hoe (Tool),object
Hole Puncher,object
Holly,other
Holster,object
Holy Water,object
Home Gym,object
Homeless Shelter,object
Homework,other
Homing Missile,object
Honey,object
Honey Badger,animal
Honeycomb,object
Hood (Clothes),object
Hook,object
Hooves,animal
Horn (Animal),object
Hornet,animal
Horns,object
Horror Mask,object
Horse,animal
Horse Carriage,object
Horse Radish,object
Horse Tail,object
Horsefly,animal
Horseshoe,object
Horseshoe Crab,animal
Hose,object
Hospital,object
Hospital Bed,object
Hostage,human
Hot Air Balloon,object
Hot Chocolate,object
Hot Dog,object
Hot Dog Stand,object
Hot Plate,object
Hot Sauce,object
Hot Spring,object
Hot Tub,object
Hot Water Bottle,object
Hotel,object
Hound,animal
Hourglass,object
House,object
Houseboat,object
Hoverboard (Real),object
Hoverboard (Sci-Fi),object
Hovercraft,object
Hubcap,object
Huge Boulder,object
Hula Dancer,human
Hula Hoop,object
Hula Skirt,object
Hull,object
Human,human
Humidifier,object
Hummingbird,animal
Humpback Whale,animal
Humpty Dumpty,humanoid
Hunchback,human
Hunk,human
Hunter,human
Hurdle,object
Hurricane,other
Husky,animal
Hut,object
Hyena,animal
Hyena Cub,animal
I See What You Did There,other
Icarus,human
Ice (Frozen Water),object
Ice Block,object
Ice Cream,object
Ice Cream Man,human
Ice Cream Scoop,object
Ice Cream Store,object
Ice Cream Truck,object
Ice Cube,object
Ice Cube Tray,object
Ice Machine,object
Ice Pop,object
Ice Rink,object
Ice Sculpture,object
Ice Skates,object
Iced Tea,object
Icing,object
Igloo,object
Iguana,animal
Illuminati,other
Illustrator,human
Incense,object
Inchworm,animal
Indicator,object
Ink,object
Ink Cartridge,object
Inline Skates,object
Insulation,object
Insulin,other
Intercom,object
Intestine,object
Invisibility Cloak,object
Invisible Man,human
Invisible Woman,human
Irish Setter,animal
Iron (Tool),object
Iron Maiden,object
Ironing Board,object
Island,object
Itching Powder,object
Iv Bag,object
Ivory,object
J (Letter),other
Jack (Brother),human
Jack Frost,humanoid
Jack Russel Terrier,animal
Jack-in-the-Box,object
Jack-O-Lantern,object
Jackal,animal
Jackhammer,object
Jacks,object
Jaguar,animal
Janitor,human
Javelin,object
Jaw,object
Jawbreaker,object
Jeans,object
Jelly,object
Jelly Bean,object
Jellyfish,animal
Jerky,object
Jersey,object
Jet Boat,object
Jet Pack,object
Jewelry Box,object
Jewelry Store,object
Jigsaw,object
Jigsaw Puzzle,object
Jingle Bell,object
Jockey,human
Joey,animal
Joker (DC),human
Jolly Roger,object
Journalist,human
Jouster,human
Joystick,object
Judge,human
Jug (Container),object
Juice,object
Juicer,object
Jukebox,object
Julie,human
Julius Caesar,human
Jumper Cable,object
Jumprope,object
Jungle Gym,object
Junkyard,object
Jupiter,other
Justice League,humanoid
Kaleidoscope,object
Kangaroo,animal
Katana,object
Kayak,object
Kazoo,object
Kebab,object
Ketchup,object
Kettle,object
Key,object
Key Hole,object
Key lime pie,object
Keyboard (Computer),object
Keyboard (Music),object
Keycard,object
Keychain,object
Keypad,object
Keys,object
Khakis,object
Kick Scooter,object
Kickball,object
Kid (Animal),animal
Kidney,object
Kidney Bean,object
Kidney Stone,object
Kilt,object
Kimono,object
Kindling,object
King,human
King Arthur,human
King Henry,human
Kingston,other
Kiosk,object
Kit (Animal),animal
Kitchen,object
Kite (Toy),object
Kitten,animal
Kitty Litter,object
Kiwi (Bird),animal
Kiwi (Fruit),object
Kneecap,object
Kneepads,object
Knife,object
Knife Sharpener,object
Knight,human
Knight Helmet,object
Knitting Needle,object
Knocker,object
Knuckle,object
Koala,animal
Koala Cub,animal
Komodo Dragon,animal
Kraken,other
Krill,animal
Lab Coat,object
Label Maker,object
Laboratory,object
Labrador,animal
Labyrinth,object
Lace,object
Ladder,object
Ladle,object
Ladybug,animal
Lair,object
Lamb (Animal),animal
Lamp,object
Lamp Shade,object
Lamppost,object
Lance,object
Landlord,human
Landscaper,human
Lantern,object
Laptop,object
Lard,object
Large Intestine,object
Large Steel Door,object
Large Steel Gate,object
Larvae,animal
Lasagna,object
Laser Pointer,object
Lasso,object
Lattice,object
Laundromat,object
Laundry Detergent,object
Lava,object
Lava Lamp,object
Law Office,object
Lawn Chair,object
Lawn Mower,object
Lawyer,human
Lead,object
Leaf,object
Leaf Blower,object
Leash,object
Leather,object
Leather Jacket,object
LED,object
Leech,animal
Leek,object
Leg,object
Leg Warmer,object
Legs,object
Lei,object
Lemming,animal
Lemon,object
Lemon Tree,object
Lemonade,object
Lemonade Stand,object
Lemur,animal
Lens,object
Lens Flare,other
Leo (Stars),other
Leon,human
Leonardo da Vinci,human
Leotard,object
Leprechaun,humanoid
Less Than Sign,object
Letter Opener,object
Letters,object
Lettuce,object
Level,object
Lever,object
Lex Luthor,human
Liberal,human
Libertarian,human
Libra (Stars),other
Librarian,human
Library,object
Lice,animal
License,object
License Plate,object
Lid,object
Lie Detector,object
Lieutenant,human
Life Preserver (Ring),object
Life Raft,object
Life Ring,object
Lifeboat,object
Lifeguard,human
Lifeguard Stand,object
Lifejacket,object
Light Switch,object
Lightbulb,object
Lighter,object
Lighthouse,object
Lighthouse Keeper,human
Lightning Rod,object
Lily (Flower),object
Lily of the Valley,object
Limb,object
Lime,object
Lime Tree,object
Limestone,object
Limo,object
Lingerie,object
Linguist,human
Link (Nintendo),humanoid
Lint,object
Lion,animal
Lion Cub,animal
Lion Tamer,human
Lioness,animal
Lip Balm,object
Lip Stain,object
Lips,other
Lipstick,object
Liquorice,object
Little Dipper,other
Little Red Riding Hood,human
Liver,object
Living Room,object
Lizard,animal
Llama,animal
Lobbyist,human
Lobster,animal
Lobster Trap,object
Locker,object
Locker Room,object
Locksmith,human
Locust,animal
Loft,object
Log Cabin,object
Lollipop,object
Long Johns,object
Loom,object
Lotion,object
Lottery Ticket,object
Lotus,object
Lounge Chair,object
Love Potion,object
Luigi,human
Lumberjack,human
Lunar Lander,object
Lunar Rover,object
Lunchbox,object
Lung,object
Lynx,animal
Macaroni and cheese,object
Macaw,animal
Mace (Weapon),object
Machete,object
Machine Gun,object
Mad Hatter,human
Mad Scientist,human
Magazine (Reading),object
Maggot,animal
Magic,other
Magic bean,object
Magic Broomstick,object
Magic Carpet,object
Magician,human
Magicians Assistant,human
Magicians Hat,object
Magnet,object
Magnifying Glass,object
Magpie,animal
Maid,human
Mailbox,object
Mailing Labels,object
Major,human
Mall (building),object
Mallet,object
Maltese,animal
Mammoth,animal
Man,human
Manatee,animal
Mane,object
Mango,object
Mango Juice,object
Mango Tree,object
Mangrove Swamp,object
Manhole,object
Manicurist,human
Mannequin,humanoid
Manor,object
Mansion,object
Manta Ray,animal
Mantis,animal
Map,object
Maple Tree,object
Maraca,object
Marble (Ball),object
Marble (Stone),object
Marble Cake,object
Mare,animal
Mariachi Band,other
Marine Biologist,human
Mario,human
Marker (Writing),object
Market,object
Marmalade,object
Mars,other
Marshmallow,object
Mascara,object
Mascot Outfit,object
Mashed Potato,object
Mask (Party),object
Mason Jar,object
Massage Parlor,object
Massage Therapist,human
Mast,object
Mastiff,animal
Matchbook,object
Matchbox,object
Mathematician,human
Mattress,object
Maxwell,human
Mayan Pyramid,object
Mayflower,other
Mayonnaise,object
Maze,object
Meadow,other
Measuring Cup,object
Meat Grinder,object
Meat Locker,object
Meat Thermometer,object
Meatball,object
Mechanic,human
Mechanical Bull,object
Medal,object
Medicine,object
Medicine Ball,object
Megalodon,animal
Megaphone,object
Melon,object
Menorah,object
Menu,object
Mercenary,human
Merchant,human
Mercury (Material),object
Mercury (planet),other
Mermaid,humanoid
Merry Go Round,object
Mesa,object
Messenger Bag,object
Metal Detector,object
Meteorologist,human
Microphone,object
Microphone Stand,object
Microscope,object
Microwave,object
Midget,human
Mildew,other
Milk,object
Milk Bottle,object
Milk Crate,object
Milk Jug,object
Milk Man,human
Milkmaid,human
Milkshake,object
Millionaire,human
Mime,human
Mine (Explosive),object
Mine (Place),object
Miner,human
Mini Fridge,object
Mini Skirt,object
Minivan,object
Minotaur,humanoid
Mint,object
Minus Sign,object
Mirage,other
Mirror,object
Miser,human
Missile,object
Mister Hyde,human
Mistletoe,object
Mitten,object
Mix,other
Moat,object
Mobile (Baby),object
Mobile Home,object
Moby Dick,animal
Modem,object
Mohawk,human
Molasses,object
Molding,object
Monument,object
Moon,object
Moose,animal
Moose Calf,animal
Mop,object
Morgue,object
Mortar (Material),object
Mortar (Weapon),object
Mosaic,object
Mosque,object
Mosquito,animal
Mosquito Net,object
Mosquito Repellent,object
Moss,object
Moth,animal
Mothball,object
Mother,human
Mother Nature,other
Motherboard,object
Motion Detector,object
Motor,object
Motor Home,object
Motorcycle,object
Mountain,object
Mountain Climber,human
Mountain Goat,animal
Mountain Lion,animal
Mouse Pad,object
Mouse Trap,object
Moustache,object
Mouth,other
Mouth Guard,object
Mouth Wash,object
Movie Star,human
Movie Theatre,object
Moving Truck,object
Mozart,human
Mozzarella,object
Mud,object
Muffin,object
Muffin Tin,object
Muffler,object
Mug,object
Mug Shot,object
Mulberry Tree,object
Mullet (Hair),other
Munitions,object
Muscle,object
Muse,other
Museum,object
Mushroom (Fungi),object
Music Stand,object
Musical Note,other
Musician,human
Musket,object
Musketeer (Person),human
Mussel,animal
Mustard,object
Mutant,humanoid
Mute,human
Mutt,animal
Muzzle,object
Nail,object
Nail Clipper,object
Nail File,object
Nail Gun,object
Nail Polish,object
Naked Mole Rat,animal
Name Badge,object
Napkin,object
Napoleon Bonaparte,human
Narwhal,animal
Natural,other
Nautilus,animal
Neanderthal,human
Neck,object
Necklace,object
Needle,object
Neighborhood,other
Neon Sign,object
Neptune (planet),object
Nest,object
Net (Fish),object
News Stand,object
Newspaper,object
Nickel,object
Night Light,object
Night Vision Goggles,object
Nightcap,object
Nightclub,object
Nightgown,object
Nightstand,object
Nine,other
Ninja,human
No Eating Sign,object
No Parking Sign,object
Nobleman,human
Noblewoman,human
Nomad,human
Noodles,object
Noose,object
North Pole,other
North Star,other
Nose,object
Nose Ring,object
Note,object
Notebook,object
Nougat,object
Novel,other
Novelist,human
Nozzle,object
Nuclear Reactor,object
Nugget,object
Nuke,object
Numbers,other
Nun,human
Nurse,human
Nursery (Baby),other
Nursing Home,object
Nut (Hardware),object
Nutcracker (Kitchen),object
Nutcracker (Toy),object
Nutritionist,human
Nutshell,object
Oar,object
Oasis,object
Oatmeal,object
Obelisk,object
Oboe,object
Observatory,object
Obsidian,object
Ocean,object
Octagon,object
Octopus,animal
Odin,human
Odometer,object
Office,object
Office Building,object
Office Supply Store,object
Oil (Cooking),object
Oil (Motor),object
Oil Barrel,object
Oil Lamp,object
Oil Rig,object
Oil Well,object
Oilslick,object
Olive,object
Olive Branch,object
Olive Tree,object
Omelet,object
One,other
Onion,object
Onion Rings,object
Opera Singer,human
Opossum,animal
Optician,human
Optometrist,human
Orange,object
Orange Juice,object
Orange Tree,object
Orangutan,animal
Orb,object
Orc,humanoid
Orca,animal
Orchard,object
Ore,object
Organ (Music),object
Origami,other
Orion,other
Ornament,object
Orphan,human
Orphanage,object
Ostrich,animal
Otter,animal
Ottoman,object
Outfit,object
Outhouse,object
Outpost,object
Oval,object
Oven Mitts,object
Overalls,object
Owl,animal
Owlet,animal
Ox,animal
Pacifier,object
Package,object
Packet,object
Packing Peanut,object
Paddle,object
Padlock,object
Pads,object
Page Boy,human
Pager,object
Pagoda,object
Paint,object
Paint Brush,object
Paint Roller,object
Paintball Gun,object
Pajamas,object
Palace,object
Paleontologist,human
Palette,object
Palm Tree,object
Pan,object
Pancake,object
Pancake Mix,object
Pancreas,object
Panda,animal
Panda Cub,animal
Pansy,object
Panther,animal
Panther Cub,animal
Pants,object
Panty Hose,object
Paparazzi,human
Papaya,object
Paper,object
Paper Airplane,object
Paper Bag (Container),object
Paper Cutter,object
Paper Towels,object
Paperboy,human
Paperclip,object
Paperweight,object
Paprika,object
Papyrus,object
Parachute,object
Parade,other
Parallelogram,object
Paramedic,human
Paratrooper,human
Parcel,object
Park,object
Parking Lot,object
Parking Meter,object
Parking Structure,object
Parking Ticket,object
Parrot,animal
Party,other
Party Favor,object
Party Hat,object
Pasta,object
Pastry,object
Patches,object
Patient,human
Patio,object
Patrol Boat,object
Pawnshop,object
Pay Phone,object
PDA,object
Pea,object
Pea Shooter,object
Peach (Fruit),object
Peach Tree,object
Peacock,animal
Peacock Feather,object
Peanut,object
Peanut Butter,object
Peanuts,object
Pear,object
Pear Tree,object
Pearl,object
Peasant,human
Pebble,object
Pecan,object
Pedestal,object
Pediatrician,human
Peeler,object
Peg Leg,object
Pegasus,humanoid
Pelican,animal
Pellet,object
Pelt,object
Pelvis,object
Pen,object
Pencil,object
Pencil Sharpener,object
Pendulum,object
Penguin (animal),animal
Penguin Costume,object
Penny,object
Pentagon,object
People,human
Pepper (Condiment),object
Pepper (Vegetable),object
Pepper Spray,object
Pepperoni,object
Percent Sign,object
Perfume,object
Periodic Table,other
Periscope,object
Permit (Paper),object
Peroxide,object
Persian,human
Personal Planner,object
Pestilence,other
Pesto,object
Pet,animal
Pet Carrier,object
Pet Food,object
Pet House,object
Pet Store,object
Pets,animal
Pew,object
Pharaoh,human
Pharmacist,human
Pharmacy,object
Philosopher,human
Phoenix,other
Phone,object
Phone Book,object
Phone Booth,object
Phonograph,object
Phosphorus,other
Photo Album,object
Photo Booth,object
Photograph,object
Photographer,human
Physical Therapist,human
Pianist,human
Piano,object
Pick (Guitar),object
Pick (Tool),object
Pickle,object
Pickpocket,human
Picnic Table,object
Pie,object
Pied Piper,human
Pig,animal
Pig Tail,other
Pigeon,animal
Piggy Bank,object
Piglet,animal
Pigpen,object
Pigs in a Blanket,object
Pilgrim,human
Pilgrim Hat,object
Pill,object
Pill Box,object
Pillar,object
Pipe Cleaner,object
Piranha,animal
Pirate,human
Pirate Hat,object
Pirate Ship,object
Pisces (Stars),other
Pistachio,object
Pit (Hole),object
Pitchfork,object
Pixie Dust,object
Pizza,object
Pizza Box,object
Pizza Cutter,object
Pizza Oven,object
Piñata,object
Placemat,object
Planet,object
Plankton,animal
Plastic,object
Plastic Surgeon,human
Plate,object
Plateau,other
Platform,object
Platinum,object
Platter,object
Platypus,animal
Playground,object
Playhouse (Toy),object
Playpen,object
Playroom,object
Pliers,object
Plow,object
Plum,object
Plum Tree,object
Plumber,human
Plunger,object
Plus Sign,object
Pluto,other
Pocket Knife,object
Pocket Watch,object
Pod,object
Poem,other
Pogo Stick,object
Poinsettia,object
Poison,other
Poison Ivy,human
Poker,other
Polar Bear,animal
Polar Bear Cub,animal
Polarised Sunglasses,object
Pole,object
Police Academy,other
Police Cap,object
Police Car,object
Police Station,object
Policeman,human
Policeman Uniform,object
Policewoman,human
Politician,human
Pollen,object
Polo Shirt,object
Polystyrene,object
Pomegranate,object
Pomeranian,animal
Pompom,object
Poncho,object
Pond,object
Pony Tail,other
Poodle,animal
Pool,object
Pool Ball,object
Pool Balls,object
Pool Boy,human
Pool Chair,object
Pool Cue,object
Pool House,object
Pool Shark,human
Pool Table,object
Pop Gun,object
Popcorn,object
Popcorn Kernel,object
Porch,object
Porcupine,animal
Pork,object
Pork Rinds,object
Porpoise,animal
Port (Place),object
Port Hole,object
Portable Toilet,object
Poseidon,human
Post Office,object
Postcard,object
Poster,object
Postman,human
Pot (Kitchen),object
Pot of Gold,object
Pot Sticker,object
Potato,object
Potato Chips,object
Potato Masher,object
Potato Salad,object
Potion,object
Potpourri,object
Potted Plant,object
Pottery,object
Poultry,animal
Power Boat,object
Power Lines,object
Power Plant,object
Power Supply,object
Prairie Dog,animal
President,human
Pretzel,object
Priest,human
Prince,human
Princess,human
Princess Peach,human
Principal,human
Printer,object
Printing Press,object
Prism (Shape),other
Prison,object
Prison Uniform,object
Prisoner,human
Prisoner of War,human
Professional,human
Professor,human
Programmer,human
Projector,object
Projector Screen,object
Propane Tank,object
Propeller,object
Protest Sign,object
Protester,human
Protractor,object
Psychologist,human
Pterodactyl,animal
Public Address System,object
Pudding,object
Puddle,object
Puffin,animal
Pug,animal
Pulley,object
Pump,object
Pumpkin,object
Pumpkin pie,object
Punching Bag,object
Punk Rocker,human
Puppet,humanoid
Puppy,animal
Purse,object
Push Broom,object
Putty,object
Pyramid (Landmark),object
Pyramid (Shape),object
Rabbit,animal
Rabbits Foot,object
Raccoon,animal
Race Car,object
Racecar Driver,human
Rack,object
Racket,object
Radar,object
Radar Detector,object
Radioactive Material Sign,object
Radiologist,human
Radish,object
Raffle Ticket,object
Raft,object
Rag,object
Ragdoll,object
Railing,object
Railroad Crossing Sign,object
Railroad Tracks,object
Rainbow,other
Raincoat,object
Raindrop,object
Rainforest,other
Raisin,object
Rake,object
Ram,animal
Ramp,object
Rapids,other
Raptor,animal
Raspberry Bush,object
Rat,animal
Rattle (Baby),object
Rattlesnake,animal
Ravioli,object
Razor,object
Reactor,object
Real Estate Agent,human
Rear View Mirror,object
Rebel,human
Recliner,object
Record,object
Record Store,object
Recovery Vehicle,object
Rectangle,object
Recycle Sign,object
Recycling Bin,object
Recycling Plant,object
Red Button,object
Red cap,object
Red Panda,animal
Red Switch,object
Redbird,animal
Redcoat,human
Redwood,object
Reed (Music),object
Reef,object
Referee,human
Reflector,object
Refrigerator,object
Rehabilitation Center,object
Rein,object
Reindeer,animal
Reins,object
Relish,object
Remote,object
Remote Controlled Aircraft,object
Remote controlled car,object
Remote Controlled Helicopter,object
Rescue Helicopter,object
Reservoir,object
Respirator,object
Rest (Sports),other
Restaurant,object
Restricted Area Sign,object
Retro Glasses,object
Revolutionary,human
Revolver,object
Revolving Door,object
Rhinoceros,animal
Rhombus (Shape),object
Rhubarb pie,object
Ribbon,object
Ribcage,object
Rice,object
Rice Cake,object
Rice Cooker,object
Rickshaw,object
Ricotta,object
Riddle,other
Riding Mower,object
Rifle,object
Ring,object
Ring of Fire,other
Riot,other
Riot Gear,object
Riot shield,object
River Styx,other
Roach Motel,object
Road,object
Road Sign,object
Roadblock,object
Roadkill,other
Roadrunner,animal
Roadwork Sign,object
Roast Beef,object
Robe,object
Robin (Bird),animal
Robot,humanoid
Robot Costume,object
Rock,object
Rock Candy,object
Rock Salt,object
Rock Star,human
Rocket,object
Rocket Engine,object
Rocket Launcher,object
Rocket Scientist,human
Rocket Ship,object
Rocking Chair,object
Rocking Horse,object
Rod,object
Rodent,animal
Rogue,human
Roller Skater,human
Roller-Skates,object
Rollercoaster,object
Rolling Pin,object
Roof,object
Rooster,animal
Root,object
Root Beer,object
Root Beer Float,object
Rope,object
Rope Ladder,object
Rope Swing,object
Rosary Beads,object
Rose,object
Rottweiler,animal
Router,object
Rowboat,object
Rowing Machine,object
Rubber (Material),object
Rubber Band,object
Rubber Band Gun,object
Rubber Chicken,object
Rubber Duck,object
Rubber Gloves,object
Rubber Stamp,object
Rubble,object
Ruby,object
Rudder,object
Rug,object
Rugby Ball,object
Ruin,object
Ruler,object
Rumpelstiltskin,human
Runway,object
Rupee (Nintendo),object
Rust,object
Sabre Toothed Tiger,animal
Saddle,object
Safe,object
Safety Cone,object
Safety Pin,object
Safety Vest,object
Sagittarius (Stars),other
Sail,object
Sailboat,object
Sailor,human
Salad,object
Salad Dressing,object
Salamander,animal
Saliva,object
Salmon,animal
Salon,object
Salsa,object
Salt,object
Salt Lick,object
Salt Mine,object
Salt Shaker,object
Sampler,object
Samurai,human
Sand,object
Sand Dollar,object
Sand Storm,other
Sand Toy,object
Sandal,object
Sandbag,object
Sandbox,object
Sandcastle,object
Sandman,humanoid
Sandpaper,object
Sandstone,object
Sandwich,object
Santa,human
Santa Hat,object
Sapling,object
Sapphire,object
Sardine Can,object
Sash,object
Satellite,object
Satellite Dish,object
Sauce,object
Saucer,object
Sauna,object
Sausage,object
Savanna,other
Saw,object
Sawblade,object
Sawdust,object
Sawhorse,object
Sawmill,object
Saxophone,object
Saxophonist,human
Scaffold,object
Scale (Balance),object
Scale (Organic),object
Scallion,object
Scallop,animal
Scalpel,object
Scanner,object
Scarecrow,object
Scarf,object
Scepter,object
Schnauzer,animal
School Bell,object
School boy,human
School Bus,object
School Desk,object
School girl,human
Schoolhouse,object
Science Museum,object
Science Teacher,human
Scientist,human
Scissors,object
Scoop,object
Scooter,object
Scoreboard,object
Scorpio (Stars),other
Scorpion,animal
Scraper (Tool),object
Scratch,other
Screen Door,object
Screenplay,other
Screw,object
Screwdriver,object
Scroll,object
Scrubs,object
Scuba Diver,human
Scuba Gear,object
Sculptor,human
Scythe,object
Sea Anemone,animal
Sea Cucumber,animal
Sea Shell,object
Sea Snail,animal
Sea Snake,animal
Sea Sponge,animal
Sea Turtle,animal
Sea Urchin,animal
Seafood,other
Seagull,animal
Seahorse,animal
Seal,animal
Seal Pup,animal
Seat Belt,object
Seaweed (Plant),object
Secret Agent,human
Secretary,human
Security Camera,object
Security Guard,human
Seed,object
Seesaw,object
Semi Trailer,object
Septic Tank,object
Sequin,object
Serenity,other
Sergeant,human
Serial Killer,human
Sesame,other
Seven,other
Seven Ball,object
Sewage,other
Sewer (Place),object
Sewing Kit,object
Sewing Machine,object
Shackles,object
Shadow (Light),other
Shakespeare,human
Shampoo,object
Shark,animal
Sharp,other
Shaver,object
Shears,object
Sheath,object
Shed,object
Sheep,animal
Sheepdog,animal
Sheet Music,object
Sheik,human
Shell (Sea),object
Shepherd,human
Sherbet,object
Sheriff,human
Sheriff Hat,object
Shetland Sheepdog,animal
Shiba Inu,animal
Shield,object
Shih Tzu,animal
Shingle,object
Ship Captain,human
Shipyard,object
Shirt,object
Shoe Polish,object
Shoe Store,object
Shoebox,object
Shoehorn,object
Shoelace,object
Shoemaker,human
Shoes,object
Shogun,human
Shooting Range,object
Shooting Star,other
Shopkeeper,human
Shopping Bag,object
Shopping Cart,object
Shorts,object
Shotgun,object
Shoulder Pads,object
Shovel,object
Shower,object
Shower Cap,object
Shower Curtain,object
Shower Head,object
Showgirl,human
Shrapnel,object
Shredder,object
Shrimp,animal
Shrine,object
Shroud,object
Shrub,object
Shutter,object
Siamese,other
Siberian,other
Sickle,object
Sideburns,other
Sieve,object
Sign,object
Signpost,object
Silk,object
Silkworm,animal
Silo,object
Silver (Material),object
Silver Bullet,object
Silverback Gorilla,animal
Singer,human
Singing,other
Sink,object
Sinkhole,object
Siren (monster),humanoid
Six,other
Skate Park,object
Skateboard,object
Skater,human
Skeleton,object
Sketch,object
Skewer,object
Ski Hill,object
Ski Jump,object
Ski Lift,object
Ski Mask,object
Ski Pole,object
Skier,human
Skin Cream,object
Skirt,object
Skis,object
Skull,object
Skullcap,object
Skunk,animal
Skydiver,human
Skylight,object
Skyscraper,object
Slacker,human
Sled,object
Sledgehammer,object
Sleeping Bag,object
Sleeping Pill,object
Sleeping Powder,object
Slide (Toy),object
Sliding Glass Door,object
Sling Shot,object
Slippers,object
Slop,object
Slot Machine,object
Sloth,animal
Slotted Spoon,object
Slug,animal
Slush,object
Slushy,object
Small Bullet,object
Small Rocket,object
Smart Phone,object
Smart Watch,object
Smile,other
Smoke,other
Smoke Bomb,object
Smoke Detector,object
Smore,object
Snail,animal
Snake,animal
Snake Charmer,human
Snapping Turtle,animal
Sniper,human
Snorkeler (Mask),object
Snorkeling Fins,object
Snow,object
Snow Blower,object
Snow Globe,object
Snow Leopard,animal
Snow Pants,object
Snow Sculpture,object
Snow Storm,other
Snow Suit Kid,human
Snowball,object
Snowboard,object
Snowflake,object
Snowman,humanoid
Snowmobile,object
Snowplow,object
Soap,object
Soap Dish,object
Soccer Ball,object
Soccer Player,human
Socialist,human
Socks,object
Socrates,human
Soda,object
Soda Machine,object
Sofa,object
Softball Player,human
Solar panel,object
Soldier,human
Sombrero,object
Someone,other
Sorceress,humanoid
Soup,object
Sour Cream,object
Sour Milk,object
Souvenir,object
Souvenir Shop,object
Soy Sauce,object
Spa (Place),object
Space Station,object
Space Suit,object
Spaceship,object
Spade,object
Spare Ribs,object
Spark Plugs,object
Sparklers,object
Sparrow,animal
Spatula,object
Speaker,object
Spear,object
Special Force,human
Speech bubble,object
Speed Bump,object
Speed Camera,object
Speedway,object
Sperm Whale,animal
Sphere,object
Sphinx (creature),humanoid
Sphinx (structure),object
Spice Rack,object
Spider,animal
Spike,object
Spinach,object
Spine,object
Spinning Top,object
Spinning Wheel,object
Spiral Staircase,object
Spire,object
Spit (Cooking),object
Spitball,object
Sponge,object
Spoon,object
Spoons,object
Spore,other
Sporting Goods Store,object
Sports Car,object
Sports Fan,human
Spotlight,object
Spray Bottle,object
Spray Paint,object
Spring,other
Spring Roll,object
Sprinkler,object
Sprinkles,object
Sprout,other
Spy,human
Spyglass,object
Square (Shape),object
Squash,object
Squeegee,object
Squid,animal
Squire,human
Squirrel,animal
St Bernard,animal
Stable,object
Stable Door,object
Stadium,object
Staff,object
Stag,animal
Stage (Place),object
Stained Glass,object
Stairs,object
Stairwell,object
Stake,object
Stalactite,object
Stalagmite,object
Stalker,human
Stamp (Postage),object
Stands,object
Staple Gun,object
Stapler,object
Staples,object
Star (space),object
Starfish,animal
Starlet,human
Station Wagon,object
Statue,object
Statuette,object
Steak,object
Stealth Aircraft,object
Steam,object
Steamboat,object
Steed,animal
Steel (Material),object
Steel Cage,object
Steel Gate,object
Steering Wheel,object
Stegosaurus,animal
Stem,object
Stencil,object
Step Stool,object
Stepladder,object
Stereo,object
Stethoscope,object
Stew,object
Steward,human
Stick,object
Sticker,object
Stilts,object
Stingray,animal
Stink Bomb,object
Stir Fry,other
Stitches (Body),object
Stock Trader,human
Stomach,object
Stonehenge,object
Stonemason,human
Stool,object
Stop Sign,object
Store,object
Stork,animal
Storm,other
Storm Drain,object
Stove,object
Straightjacket,object
Straw (Drinking),object
Strawberry,object
Strawberry Plant,object
Streamer,object
Street Sweeper,object
Street Vendor,human
Stretcher,object
String (Guitar),object
String Cheese,object
Strobe Light,object
Stroller,object
Strongbox,object
Strongman,human
Student,human
Studio,object
Stuffing,object
Stumps,object
Stun Gun,object
Stunt,other
Stylus,object
Submarine (Boat),object
Subway,object
Subway Car,object
Subway Train,object
Suction Cup,object
Sugar,object
Sugar Cube,object
Suit of Armor (Clothes),object
Suit of Armor (Decor),object
Suitcase,object
Sulfur,object
Sultan,human
Sumo,human
Sun,other
Sunbather,human
Sundial,object
Sunfish,animal
Sunflower,object
Sunflower Seed,object
Sunglasses,object
Sunscreen,object
Supercomputer,object
Superhero Costume,object
Superman,human
Supermodel,human
Supernova,other
Surfboard,object
Surfer,human
Surge Protector,object
Surgeon,human
Surgical Mask,object
Survival knife,object
Sushi,object
Suspenders,object
Suspension Bridge,object
SUV,object
Swamp,other
Swan,animal
SWAT Van,object
Sweater,object
Sweatpants,object
Swim Trunks,object
Swimfin,object
Swimsuit,object
Swing,object
Swiss Cheese,object
Swiss Roll,object
Switch,object
Sword,object
Swordfish,animal
Synagogue,object
Syringe,object
Tabby,animal
Table,object
Tablecloth,object
Tablet (Electronics),object
Tabloid,object
Tack,object
Tackle Box,object
Taco,object
Tadpole,animal
Taffy,object
Tag (Clothes),object
Tail,object
Tambourine,object
Tank,object
Tanktop,object
Tanning Bed,object
Tanning Lotion,object
Tap Dancer,human
Tape (Sticky),object
Tape Dispenser,object
Tape Measure,object
Tapestry,object
Tar (Material),object
Tarantula,animal
Target,object
Tarp,object
Tart,object
Tasmanian Devil,animal
Tassel,object
Tattoo,object
Taurus (Stars),other
Taxi Stand,object
Tea,object
Teabag,object
Teacher,human
Tear,other
Tear Gas,object
Teddy Bear,object
Tee,object
Teen,human
Teenager,human
Teeth,object
Telegraph,object
Telephone Pole,object
Telescope,object
Temple,object
Tempo,other
Ten,other
Tenderizer,object
Tennis Ball,object
Tennis Court,object
Tennis Net,object
Tennis Player,human
Tent,object
Tentacle,object
Tepee,object
Termite,animal
Terracotta Warrior,humanoid
Terrier,animal
Test,other
Test Tube,object
Testimony,other
Tetherball,object
Textbook,object
The Constitution,other
Theater,object
Thermos,object
Thermostat,object
Thimble,object
Thong,object
Thor,human
Thorn,object
Thorn Bush,object
Three,other
Three D Printer,object
Three Hole Punch,object
Throne,object
Thumbprint Scanner,object
Thunderbolt,object
Thunderstorm,other
Tiara,object
Tick,animal
Tide Pool,object
Tie,object
Tie Dye Shirt,object
Tiger,animal
Tiger Cub,animal
Tilapia,animal
Tilde,object
Time Machine,object
Time Traveler,humanoid
Tin Foil,object
Tingle,other
Tinsel,object
Tiramisu,other
Tire,object
Tire Iron,object
Tire Swing,object
Tissue,object
Tissue Box,object
Titan,humanoid
Toadstool,object
Toast,object
Toaster,object
Toaster Pastry,object
Toe,object
Toenail,object
Toffee,object
Tofu,object
Toga,object
Toilet,object
Toilet Paper,object
Toilet Roll Tube,object
Toilet Seat,object
Toilet Seat Cover,object
Toiletbrush,object
Toll Booth,object
Tom Jones,human
Tomahawk,object
Tomato,object
Tomato Juice,object
Tomato Plant,object
Tomb,object
Tommy Gun,object
Tongs,object
Tongue,object
Tonic,object
Toolbox,object
Tooth,object
Tooth Fairy,humanoid
Toothbrush,object
Toothpaste,object
Toothpick,object
Top Hat,object
Torch,object
Tornado,other
Torpedo,object
Tortilla,object
Tote Bag,object
Tots,human
Toucan,animal
Toupee,object
Tour Guide,human
Tourist,human
Tow Truck,object
Towel,object
Towel Rack,object
Tower,object
Town Hall,object
Townhouse,object
Toy Chest,object
Toy Store,object
Tracksuit,object
Tractor,object
Trading Card,object
Traffic Barrel,object
Traffic Lights,object
Trail Mix,object
Trailer,object
Trailer Park,object
Train,object
Train Car,object
Train Conductor,human
Train Engineer,human
Train Station,object
Train Whistle,object
Trampoline,object
Tranquilizer,object
Transcript,object
Transformer,humanoid
Transmission,object
Transmission Tower,object
Transmitter,object
Trapdoor,object
Trapeze,object
Trapezoid,object
Tray,object
Treadmill,object
Treasury,other
Tree,object
Tree Frog,animal
Tree House,object
Tree Stump,object
Tree Topper,object
Tree Trunk,object
Triangle (Music),object
Triangle (Shape),object
Triceratops,animal
Tricycle,object
Trident,object
Tripod,object
Trojan Horse,object
Trombone,object
Trophy,object
Trough,object
Truck,object
Trucker,human
Truffle,object
Trumpet,object
Trumpeter,human
Tsar,human
Tsetse Fly,animal
Tsunami,other
Tuba,object
Tube,object
Tumbleweed,object
Tumour,object
Tuna (Fish),animal
Tuna Salad,object
Tuna Sandwich,object
Tunic,object
Tuning Fork,object
Tunnel,object
Turban,object
Turbine,object
Turkey (Bird),animal
Turnip,object
Turnstile,object
Turntable,object
Turret,object
Turtle,animal
Turtle Hatchling,animal
Turtle Neck,object
Turtle Shell,object
Tusk (Bone),object
Tusks,object
Tutu,object
Tuxedo,object
TV,object
TV Stand,object
Tweezers,object
Twin (Person),human
Twins,human
Two,other
Typewriter,object
Ukelele,object
Ultrasound Machine,object
Umbrella,object
Umpire,human
Unicorn,humanoid
Unicycle,object
Uranium,object
Uranus,other
Urinal,object
Urn,object
Used Car Salesman,human
Used Car Saleswoman,human
Utility Belt,object
Valentine,human
Valet,human
Valley,object
Valve,object
Vampire,humanoid
Van,object
Vanilla,object
Vanilla Wafer,object
Vanity,object
Vase,object
Vegan,human
Vegetable Stand,object
Vegetarian,human
Veil,object
Velvet,object
Velvet Rope,object
Vending Machine,object
Venison,object
Vent,object
Ventilator,object
Venus,other
Venus Flytrap,object
Vertical Blinds,object
Vest,object
Vet,human
VHS,object
Vice President,human
Video game,object
Video Game Store,object
Video Store,object
Vigilante,human
Viking,human
Viking Helmet,object
Villain,human
Vine,object
Vinegar,object
Vineyard,object
Vintage Car,object
Vintage Radio,object
Violin,object
Violinist,human
Viper,animal
Virgo (Stars),other
Vise,object
Volcano,object
Volleyball,object
Volleyball Court,object
Volleyball player,human
Vomit,other
Voodoo Doll,object
Voucher,object
VR Headset,object
Vulture,animal
Waffle,object
Waffle Iron,object
Wagon (Traditional),object
Waiter,human
Walk Sign,object
Walk Signal,object
Walker,object
Walkie Talkie,object
Wall,object
Wallet,object
Wallpaper,object
Walnut,object
Walnut Tree,object
Walrus,animal
Wand,object
Wanted Poster,object
War,other
Warehouse,object
Warrant,other
Warranty,other
Warrior,human
Wart,object
Wasabi,object
Washboard,object
Washcloth,object
Washer (Appliance),object
Washer (Hardware),object
Wasp,animal
Watch,object
Water Bomb,object
Water Bottle,object
Water Cooler,object
Water Fountain,object
Water Gun,object
Water Heater,object
Water Park,object
Water Pump,object
Water Ski,object
Water Spout,object
Water Tower,object
Water Treatment Plant,object
Water Wheel,object
Waterbed,object
Waterboy,human
Waterfall,object
Watering Can,object
Watermelon,object
Wax,object
Weasel,animal
Weather Vane,object
Weaver,human
Web Cam,object
Webbed Feet,other
Wedding,other
Wedding cake,object
Wedding Dress,object
Wedding Planner,human
Wedge (Tool),object
Weed,object
Weed Wacker,object
Well,object
Werewolf,humanoid
Wetfloor Sign,object
Wetsuit,object
Whale,animal
Whale shark,animal
Wheat,object
Wheel,object
Wheelbarrow,object
Wheelchair,object
Whip,object
Whipped Cream,object
Whirlpool,object
Whisk,object
Whisker,object
Whistle,object
White Board,object
White Sauce,object
Whoopee Cushion,object
Wick,object
Wig,object
Wildebeest,animal
Willow Tree,object
Winch,object
Wind Chime,object
Wind Farm,object
Wind Turbine,object
Windmill,object
Window,object
Window Blinds,object
Window Cleaner,object
Window Fan,object
Window Sill,object
Windscreens,object
Windsurfer (Human),human
Wing,object
Wings,object
Wire (String),object
Wire Cutter,object
Wishbone,object
Wisp,other
Wisteria,other
Witch,humanoid
Witch Hat,object
Witch's Wand,object
Wizard,human
Wizard Hat,object
Wizard Staff,object
Wolf,animal
Wolf Cub,animal
Wolverine,animal
Woman,human
Wombat,animal
Wonder Woman,human
Wood,object
Wood Chip,object
Wood Chipper,object
Wooden Cage,object
Wooden Gate,object
Wooden Spoon,object
Woodpecker,animal
Wool,object
Workbench,object
Worm,animal
Wrapper,object
Wrapping Paper,object
Wreath,object
Wrecking Ball,object
Wrench,object
Wrestler,human
Wrist,other
Wristband,object
X-Ray (Machine),object
Xylophone,object
Yacht,object
Yacht Club,other
Yak,animal
Yam,object
Yoke,object
Yolk,object
Yorkie,animal
Yoshi,humanoid
You,other
Young Bruce Wayne,human
Zebra,animal
Zebra Foal,animal
Zelda,human
Zero,other
Zipper,object
Zoey,human
Zombie,humanoid
Zoo,object
Zookeeper,human
Zucchini,object
Éclair,object
